100,10000,0.12999999523162842
100,10000,0.12999999523162842
100,10000,0.12999999523162842
100,10000,0.12999999523162842
100,10000,0.12999999523162842
100,10000,0.12999999523162842
100,10000,0.12999999523162842
100,10000,0.12999999523162842
100,10000,0.12999999523162842
100,10000,0.12999999523162842
100,10000,0.12999999523162842
100,10000,0.12999999523162842
100,10000,0.12999999523162842
100,10000,0.12999999523162842
100,10000,0.12999999523162842
100,10000,0.12999999523162842
100,10000,0.12999999523162842
100,10000,0.12999999523162842
100,10000,0.12999999523162842
100,10000,0.12999999523162842
100,10000,0.12999999523162842
100,10000,0.12999999523162842
100,10000,0.12999999523162842
100,10000,0.12999999523162842
100,10000,0.12999999523162842
100,10000,0.12999999523162842
100,10000,0.12999999523162842
100,10000,0.12999999523162842
100,10000,0.12999999523162842
100,10000,0.12999999523162842
100,10000,0.12999999523162842
100,10000,0.12999999523162842
100,10000,0.12999999523162842
100,10000,0.12999999523162842
100,10000,0.12999999523162842
100,10000,0.12999999523162842
100,10000,0.12999999523162842
100,10000,0.12999999523162842
100,10000,0.12999999523162842
100,10000,0.12999999523162842
100,10000,0.12999999523162842
100,10000,0.12999999523162842
100,10000,0.12999999523162842
100,10000,0.12999999523162842
100,10000,0.12999999523162842
100,10000,0.12999999523162842
100,10000,0.12999999523162842
100,10000,0.12999999523162842
100,10000,0.12999999523162842
100,10000,0.12999999523162842
100,10000,0.12999999523162842
100,10000,0.12999999523162842
100,10000,0.12999999523162842
100,10000,0.12999999523162842
100,10000,0.12999999523162842
100,10000,0.12999999523162842
100,10000,0.12999999523162842
100,10000,0.12999999523162842
100,10000,0.12999999523162842
100,10000,0.12999999523162842
100,10000,0.12999999523162842
100,10000,0.12999999523162842
100,10000,0.12999999523162842
100,10000,0.12999999523162842
100,10000,0.12999999523162842
100,10000,0.12999999523162842
100,10000,0.12999999523162842
100,10000,0.12999999523162842
100,10000,0.12999999523162842
100,10000,0.12999999523162842
100,10000,0.12999999523162842
100,10000,0.12999999523162842
100,10000,0.12999999523162842
100,10000,0.12999999523162842
100,10000,0.12999999523162842
100,10000,0.12999999523162842
100,10000,0.12999999523162842
100,10000,0.12999999523162842
100,10000,0.12999999523162842
100,10000,0.12999999523162842
100,10000,0.12999999523162842
100,10000,0.12999999523162842
100,10000,0.12999999523162842
100,10000,0.12999999523162842
100,10000,0.12999999523162842
100,10000,0.12999999523162842
100,10000,0.12999999523162842
100,10000,0.12999999523162842
100,10000,0.12999999523162842
100,10000,0.12999999523162842
100,10000,0.12999999523162842
100,10000,0.12999999523162842
100,10000,0.12999999523162842
100,10000,0.12999999523162842
100,10000,0.12999999523162842
100,10000,0.12999999523162842
100,10000,0.12999999523162842
100,10000,0.12999999523162842
100,10000,0.12999999523162842
100,10000,0.12999999523162842
1000,10000,0.12999999523162842
1000,10000,0.12999999523162842
1000,10000,0.12999999523162842
1000,10000,0.12999999523162842
1000,10000,0.12999999523162842
1000,10000,0.12999999523162842
1000,10000,0.12999999523162842
1000,10000,0.12999999523162842
1000,10000,0.12999999523162842
1000,10000,0.12999999523162842
1000,10000,0.12999999523162842
1000,10000,0.12999999523162842
1000,10000,0.12999999523162842
1000,10000,0.12999999523162842
1000,10000,0.12999999523162842
1000,10000,0.12999999523162842
1000,10000,0.12999999523162842
1000,10000,0.12999999523162842
1000,10000,0.12999999523162842
1000,10000,0.12999999523162842
1000,10000,0.12999999523162842
1000,10000,0.12999999523162842
1000,10000,0.12999999523162842
1000,10000,0.12999999523162842
1000,10000,0.12999999523162842
1000,10000,0.12999999523162842
1000,10000,0.12999999523162842
1000,10000,0.12999999523162842
1000,10000,0.12999999523162842
1000,10000,0.12999999523162842
1000,10000,0.12999999523162842
1000,10000,0.12999999523162842
1000,10000,0.12999999523162842
1000,10000,0.12999999523162842
1000,10000,0.12999999523162842
1000,10000,0.12999999523162842
1000,10000,0.12999999523162842
1000,10000,0.12999999523162842
1000,10000,0.12999999523162842
1000,10000,0.12999999523162842
1000,10000,0.12999999523162842
1000,10000,0.12999999523162842
1000,10000,0.12999999523162842
1000,10000,0.12999999523162842
1000,10000,0.12999999523162842
1000,10000,0.12999999523162842
1000,10000,0.12999999523162842
1000,10000,0.12999999523162842
1000,10000,0.12999999523162842
1000,10000,0.12999999523162842
1000,10000,0.12999999523162842
1000,10000,0.12999999523162842
1000,10000,0.12999999523162842
1000,10000,0.12999999523162842
1000,10000,0.12999999523162842
1000,10000,0.12999999523162842
1000,10000,0.12999999523162842
1000,10000,0.12999999523162842
1000,10000,0.12999999523162842
1000,10000,0.12999999523162842
1000,10000,0.12999999523162842
1000,10000,0.12999999523162842
1000,10000,0.12999999523162842
1000,10000,0.12999999523162842
1000,10000,0.12999999523162842
1000,10000,0.12999999523162842
1000,10000,0.12999999523162842
1000,10000,0.12999999523162842
1000,10000,0.12999999523162842
1000,10000,0.12999999523162842
1000,10000,0.12999999523162842
1000,10000,0.12999999523162842
1000,10000,0.12999999523162842
1000,10000,0.12999999523162842
1000,10000,0.12999999523162842
1000,10000,0.12999999523162842
1000,10000,0.12999999523162842
1000,10000,0.12999999523162842
1000,10000,0.12999999523162842
1000,10000,0.12999999523162842
1000,10000,0.12999999523162842
1000,10000,0.12999999523162842
1000,10000,0.12999999523162842
1000,10000,0.12999999523162842
1000,10000,0.12999999523162842
1000,10000,0.12999999523162842
1000,10000,0.12999999523162842
1000,10000,0.12999999523162842
1000,10000,0.12999999523162842
1000,10000,0.12999999523162842
1000,10000,0.12999999523162842
1000,10000,0.12999999523162842
1000,10000,0.12999999523162842
1000,10000,0.12999999523162842
1000,10000,0.12999999523162842
1000,10000,0.12999999523162842
1000,10000,0.12999999523162842
1000,10000,0.12999999523162842
1000,10000,0.12999999523162842
1000,10000,0.12999999523162842
10000,10000,0.12999999523162842
10000,10000,0.12999999523162842
10000,10000,0.12999999523162842
10000,10000,0.12999999523162842
10000,10000,0.12999999523162842
10000,10000,0.12999999523162842
10000,10000,0.12999999523162842
10000,10000,0.12999999523162842
10000,10000,0.12999999523162842
10000,10000,0.12999999523162842
10000,10000,0.12999999523162842
10000,10000,0.12999999523162842
10000,10000,0.12999999523162842
10000,10000,0.12999999523162842
10000,10000,0.12999999523162842
10000,10000,0.12999999523162842
10000,10000,0.12999999523162842
10000,10000,0.12999999523162842
10000,10000,0.12999999523162842
10000,10000,0.12999999523162842
10000,10000,0.12999999523162842
10000,10000,0.12999999523162842
10000,10000,0.12999999523162842
10000,10000,0.12999999523162842
10000,10000,0.12999999523162842
10000,10000,0.12999999523162842
10000,10000,0.12999999523162842
10000,10000,0.12999999523162842
10000,10000,0.12999999523162842
10000,10000,0.12999999523162842
10000,10000,0.12999999523162842
10000,10000,0.12999999523162842
10000,10000,0.12999999523162842
10000,10000,0.12999999523162842
10000,10000,0.12999999523162842
10000,10000,0.12999999523162842
10000,10000,0.12999999523162842
10000,10000,0.12999999523162842
10000,10000,0.12999999523162842
10000,10000,0.12999999523162842
10000,10000,0.12999999523162842
10000,10000,0.12999999523162842
10000,10000,0.12999999523162842
10000,10000,0.12999999523162842
10000,10000,0.12999999523162842
10000,10000,0.12999999523162842
10000,10000,0.12999999523162842
10000,10000,0.12999999523162842
10000,10000,0.12999999523162842
10000,10000,0.12999999523162842
10000,10000,0.12999999523162842
10000,10000,0.12999999523162842
10000,10000,0.12999999523162842
10000,10000,0.12999999523162842
10000,10000,0.12999999523162842
10000,10000,0.12999999523162842
10000,10000,0.12999999523162842
10000,10000,0.12999999523162842
10000,10000,0.12999999523162842
10000,10000,0.12999999523162842
10000,10000,0.12999999523162842
10000,10000,0.12999999523162842
10000,10000,0.12999999523162842
10000,10000,0.12999999523162842
10000,10000,0.12999999523162842
10000,10000,0.12999999523162842
10000,10000,0.12999999523162842
10000,10000,0.12999999523162842
10000,10000,0.12999999523162842
10000,10000,0.12999999523162842
10000,10000,0.12999999523162842
10000,10000,0.12999999523162842
10000,10000,0.12999999523162842
10000,10000,0.12999999523162842
10000,10000,0.12999999523162842
10000,10000,0.12999999523162842
10000,10000,0.12999999523162842
10000,10000,0.12999999523162842
10000,10000,0.12999999523162842
10000,10000,0.12999999523162842
10000,10000,0.12999999523162842
10000,10000,0.12999999523162842
10000,10000,0.12999999523162842
10000,10000,0.12999999523162842
10000,10000,0.12999999523162842
10000,10000,0.12999999523162842
10000,10000,0.12999999523162842
10000,10000,0.12999999523162842
10000,10000,0.12999999523162842
10000,10000,0.12999999523162842
10000,10000,0.12999999523162842
10000,10000,0.12999999523162842
10000,10000,0.12999999523162842
10000,10000,0.12999999523162842
10000,10000,0.12999999523162842
10000,10000,0.12999999523162842
10000,10000,0.12999999523162842
10000,10000,0.12999999523162842
10000,10000,0.12999999523162842
10000,10000,0.12999999523162842
100,10000,0.14000000059604645
100,10000,0.14000000059604645
100,1422,0.14000000059604645
100,10000,0.14000000059604645
100,10000,0.14000000059604645
100,4306,0.14000000059604645
100,211,0.14000000059604645
100,694,0.14000000059604645
100,10000,0.14000000059604645
100,10000,0.14000000059604645
100,3848,0.14000000059604645
100,3817,0.14000000059604645
100,10000,0.14000000059604645
100,2988,0.14000000059604645
100,10000,0.14000000059604645
100,7808,0.14000000059604645
100,10000,0.14000000059604645
100,10000,0.14000000059604645
100,10000,0.14000000059604645
100,10000,0.14000000059604645
100,10000,0.14000000059604645
100,10000,0.14000000059604645
100,7500,0.14000000059604645
100,10000,0.14000000059604645
100,10000,0.14000000059604645
100,478,0.14000000059604645
100,5753,0.14000000059604645
100,10000,0.14000000059604645
100,7208,0.14000000059604645
100,2272,0.14000000059604645
100,199,0.14000000059604645
100,10000,0.14000000059604645
100,7601,0.14000000059604645
100,688,0.14000000059604645
100,6307,0.14000000059604645
100,10000,0.14000000059604645
100,608,0.14000000059604645
100,10000,0.14000000059604645
100,10000,0.14000000059604645
100,10000,0.14000000059604645
100,10000,0.14000000059604645
100,10000,0.14000000059604645
100,10000,0.14000000059604645
100,7787,0.14000000059604645
100,8034,0.14000000059604645
100,3866,0.14000000059604645
100,1123,0.14000000059604645
100,10000,0.14000000059604645
100,10000,0.14000000059604645
100,5512,0.14000000059604645
100,10000,0.14000000059604645
100,10000,0.14000000059604645
100,10000,0.14000000059604645
100,7613,0.14000000059604645
100,10000,0.14000000059604645
100,2866,0.14000000059604645
100,1730,0.14000000059604645
100,10000,0.14000000059604645
100,10000,0.14000000059604645
100,5898,0.14000000059604645
100,10000,0.14000000059604645
100,10000,0.14000000059604645
100,10000,0.14000000059604645
100,2594,0.14000000059604645
100,10000,0.14000000059604645
100,10000,0.14000000059604645
100,3444,0.14000000059604645
100,10000,0.14000000059604645
100,8186,0.14000000059604645
100,10000,0.14000000059604645
100,845,0.14000000059604645
100,10000,0.14000000059604645
100,6732,0.14000000059604645
100,3927,0.14000000059604645
100,10000,0.14000000059604645
100,2542,0.14000000059604645
100,2304,0.14000000059604645
100,8450,0.14000000059604645
100,10000,0.14000000059604645
100,10000,0.14000000059604645
100,1247,0.14000000059604645
100,10000,0.14000000059604645
100,2068,0.14000000059604645
100,4822,0.14000000059604645
100,7744,0.14000000059604645
100,3708,0.14000000059604645
100,10000,0.14000000059604645
100,2671,0.14000000059604645
100,2798,0.14000000059604645
100,4239,0.14000000059604645
100,5340,0.14000000059604645
100,10000,0.14000000059604645
100,10000,0.14000000059604645
100,2094,0.14000000059604645
100,10000,0.14000000059604645
100,10000,0.14000000059604645
100,10000,0.14000000059604645
100,10000,0.14000000059604645
100,9536,0.14000000059604645
100,6073,0.14000000059604645
1000,10000,0.14000000059604645
1000,10000,0.14000000059604645
1000,10000,0.14000000059604645
1000,10000,0.14000000059604645
1000,10000,0.14000000059604645
1000,10000,0.14000000059604645
1000,10000,0.14000000059604645
1000,10000,0.14000000059604645
1000,10000,0.14000000059604645
1000,10000,0.14000000059604645
1000,10000,0.14000000059604645
1000,10000,0.14000000059604645
1000,10000,0.14000000059604645
1000,10000,0.14000000059604645
1000,10000,0.14000000059604645
1000,10000,0.14000000059604645
1000,10000,0.14000000059604645
1000,10000,0.14000000059604645
1000,10000,0.14000000059604645
1000,10000,0.14000000059604645
1000,10000,0.14000000059604645
1000,10000,0.14000000059604645
1000,10000,0.14000000059604645
1000,10000,0.14000000059604645
1000,10000,0.14000000059604645
1000,10000,0.14000000059604645
1000,10000,0.14000000059604645
1000,10000,0.14000000059604645
1000,10000,0.14000000059604645
1000,10000,0.14000000059604645
1000,10000,0.14000000059604645
1000,10000,0.14000000059604645
1000,10000,0.14000000059604645
1000,10000,0.14000000059604645
1000,10000,0.14000000059604645
1000,10000,0.14000000059604645
1000,10000,0.14000000059604645
1000,10000,0.14000000059604645
1000,10000,0.14000000059604645
1000,10000,0.14000000059604645
1000,10000,0.14000000059604645
1000,10000,0.14000000059604645
1000,10000,0.14000000059604645
1000,10000,0.14000000059604645
1000,10000,0.14000000059604645
1000,10000,0.14000000059604645
1000,10000,0.14000000059604645
1000,10000,0.14000000059604645
1000,10000,0.14000000059604645
1000,10000,0.14000000059604645
1000,10000,0.14000000059604645
1000,10000,0.14000000059604645
1000,10000,0.14000000059604645
1000,10000,0.14000000059604645
1000,10000,0.14000000059604645
1000,10000,0.14000000059604645
1000,10000,0.14000000059604645
1000,10000,0.14000000059604645
1000,10000,0.14000000059604645
1000,10000,0.14000000059604645
1000,10000,0.14000000059604645
1000,10000,0.14000000059604645
1000,10000,0.14000000059604645
1000,10000,0.14000000059604645
1000,10000,0.14000000059604645
1000,10000,0.14000000059604645
1000,10000,0.14000000059604645
1000,10000,0.14000000059604645
1000,10000,0.14000000059604645
1000,10000,0.14000000059604645
1000,10000,0.14000000059604645
1000,10000,0.14000000059604645
1000,10000,0.14000000059604645
1000,10000,0.14000000059604645
1000,10000,0.14000000059604645
1000,10000,0.14000000059604645
1000,10000,0.14000000059604645
1000,10000,0.14000000059604645
1000,10000,0.14000000059604645
1000,10000,0.14000000059604645
1000,10000,0.14000000059604645
1000,10000,0.14000000059604645
1000,10000,0.14000000059604645
1000,10000,0.14000000059604645
1000,10000,0.14000000059604645
1000,10000,0.14000000059604645
1000,10000,0.14000000059604645
1000,10000,0.14000000059604645
1000,10000,0.14000000059604645
1000,10000,0.14000000059604645
1000,10000,0.14000000059604645
1000,10000,0.14000000059604645
1000,10000,0.14000000059604645
1000,10000,0.14000000059604645
1000,10000,0.14000000059604645
1000,10000,0.14000000059604645
1000,10000,0.14000000059604645
1000,10000,0.14000000059604645
1000,10000,0.14000000059604645
1000,10000,0.14000000059604645
10000,10000,0.14000000059604645
10000,10000,0.14000000059604645
10000,10000,0.14000000059604645
10000,10000,0.14000000059604645
10000,10000,0.14000000059604645
10000,10000,0.14000000059604645
10000,10000,0.14000000059604645
10000,10000,0.14000000059604645
10000,10000,0.14000000059604645
10000,10000,0.14000000059604645
10000,10000,0.14000000059604645
10000,10000,0.14000000059604645
10000,10000,0.14000000059604645
10000,10000,0.14000000059604645
10000,10000,0.14000000059604645
10000,10000,0.14000000059604645
10000,10000,0.14000000059604645
10000,10000,0.14000000059604645
10000,10000,0.14000000059604645
10000,10000,0.14000000059604645
10000,10000,0.14000000059604645
10000,10000,0.14000000059604645
10000,10000,0.14000000059604645
10000,10000,0.14000000059604645
10000,10000,0.14000000059604645
10000,10000,0.14000000059604645
10000,10000,0.14000000059604645
10000,10000,0.14000000059604645
10000,10000,0.14000000059604645
10000,10000,0.14000000059604645
10000,10000,0.14000000059604645
10000,10000,0.14000000059604645
10000,10000,0.14000000059604645
10000,10000,0.14000000059604645
10000,10000,0.14000000059604645
10000,10000,0.14000000059604645
10000,10000,0.14000000059604645
10000,10000,0.14000000059604645
10000,10000,0.14000000059604645
10000,10000,0.14000000059604645
10000,10000,0.14000000059604645
10000,10000,0.14000000059604645
10000,10000,0.14000000059604645
10000,10000,0.14000000059604645
10000,10000,0.14000000059604645
10000,10000,0.14000000059604645
10000,10000,0.14000000059604645
10000,10000,0.14000000059604645
10000,10000,0.14000000059604645
10000,10000,0.14000000059604645
10000,10000,0.14000000059604645
10000,10000,0.14000000059604645
10000,10000,0.14000000059604645
10000,10000,0.14000000059604645
10000,10000,0.14000000059604645
10000,10000,0.14000000059604645
10000,10000,0.14000000059604645
10000,10000,0.14000000059604645
10000,10000,0.14000000059604645
10000,10000,0.14000000059604645
10000,10000,0.14000000059604645
10000,10000,0.14000000059604645
10000,10000,0.14000000059604645
10000,10000,0.14000000059604645
10000,10000,0.14000000059604645
10000,10000,0.14000000059604645
10000,10000,0.14000000059604645
10000,10000,0.14000000059604645
10000,10000,0.14000000059604645
10000,10000,0.14000000059604645
10000,10000,0.14000000059604645
10000,10000,0.14000000059604645
10000,10000,0.14000000059604645
10000,10000,0.14000000059604645
10000,10000,0.14000000059604645
10000,10000,0.14000000059604645
10000,10000,0.14000000059604645
10000,10000,0.14000000059604645
10000,10000,0.14000000059604645
10000,10000,0.14000000059604645
10000,10000,0.14000000059604645
10000,10000,0.14000000059604645
10000,10000,0.14000000059604645
10000,10000,0.14000000059604645
10000,10000,0.14000000059604645
10000,10000,0.14000000059604645
10000,10000,0.14000000059604645
10000,10000,0.14000000059604645
10000,10000,0.14000000059604645
10000,10000,0.14000000059604645
10000,10000,0.14000000059604645
10000,10000,0.14000000059604645
10000,10000,0.14000000059604645
10000,10000,0.14000000059604645
10000,10000,0.14000000059604645
10000,10000,0.14000000059604645
10000,10000,0.14000000059604645
10000,10000,0.14000000059604645
10000,10000,0.14000000059604645
10000,10000,0.14000000059604645
100,1496,0.15000000596046448
100,891,0.15000000596046448
100,3849,0.15000000596046448
100,254,0.15000000596046448
100,4585,0.15000000596046448
100,1851,0.15000000596046448
100,2573,0.15000000596046448
100,4602,0.15000000596046448
100,71,0.15000000596046448
100,3412,0.15000000596046448
100,1192,0.15000000596046448
100,495,0.15000000596046448
100,3463,0.15000000596046448
100,1305,0.15000000596046448
100,464,0.15000000596046448
100,2727,0.15000000596046448
100,395,0.15000000596046448
100,1032,0.15000000596046448
100,3843,0.15000000596046448
100,277,0.15000000596046448
100,1362,0.15000000596046448
100,1776,0.15000000596046448
100,3079,0.15000000596046448
100,1167,0.15000000596046448
100,767,0.15000000596046448
100,184,0.15000000596046448
100,249,0.15000000596046448
100,687,0.15000000596046448
100,4627,0.15000000596046448
100,427,0.15000000596046448
100,355,0.15000000596046448
100,2203,0.15000000596046448
100,485,0.15000000596046448
100,3764,0.15000000596046448
100,97,0.15000000596046448
100,976,0.15000000596046448
100,493,0.15000000596046448
100,3268,0.15000000596046448
100,1535,0.15000000596046448
100,1813,0.15000000596046448
100,4556,0.15000000596046448
100,3161,0.15000000596046448
100,2101,0.15000000596046448
100,1006,0.15000000596046448
100,780,0.15000000596046448
100,3685,0.15000000596046448
100,356,0.15000000596046448
100,4608,0.15000000596046448
100,938,0.15000000596046448
100,412,0.15000000596046448
100,3004,0.15000000596046448
100,555,0.15000000596046448
100,1660,0.15000000596046448
100,315,0.15000000596046448
100,7337,0.15000000596046448
100,87,0.15000000596046448
100,1188,0.15000000596046448
100,1059,0.15000000596046448
100,411,0.15000000596046448
100,1119,0.15000000596046448
100,382,0.15000000596046448
100,773,0.15000000596046448
100,1387,0.15000000596046448
100,422,0.15000000596046448
100,4420,0.15000000596046448
100,2363,0.15000000596046448
100,666,0.15000000596046448
100,5622,0.15000000596046448
100,108,0.15000000596046448
100,1521,0.15000000596046448
100,2406,0.15000000596046448
100,203,0.15000000596046448
100,1466,0.15000000596046448
100,560,0.15000000596046448
100,663,0.15000000596046448
100,60,0.15000000596046448
100,287,0.15000000596046448
100,395,0.15000000596046448
100,2705,0.15000000596046448
100,221,0.15000000596046448
100,248,0.15000000596046448
100,381,0.15000000596046448
100,840,0.15000000596046448
100,568,0.15000000596046448
100,526,0.15000000596046448
100,1114,0.15000000596046448
100,425,0.15000000596046448
100,1138,0.15000000596046448
100,528,0.15000000596046448
100,1737,0.15000000596046448
100,2068,0.15000000596046448
100,2097,0.15000000596046448
100,2086,0.15000000596046448
100,876,0.15000000596046448
100,751,0.15000000596046448
100,4771,0.15000000596046448
100,789,0.15000000596046448
100,108,0.15000000596046448
100,902,0.15000000596046448
100,448,0.15000000596046448
1000,10000,0.15000000596046448
1000,10000,0.15000000596046448
1000,10000,0.15000000596046448
1000,10000,0.15000000596046448
1000,10000,0.15000000596046448
1000,10000,0.15000000596046448
1000,10000,0.15000000596046448
1000,10000,0.15000000596046448
1000,10000,0.15000000596046448
1000,10000,0.15000000596046448
1000,10000,0.15000000596046448
1000,10000,0.15000000596046448
1000,10000,0.15000000596046448
1000,10000,0.15000000596046448
1000,10000,0.15000000596046448
1000,10000,0.15000000596046448
1000,10000,0.15000000596046448
1000,10000,0.15000000596046448
1000,10000,0.15000000596046448
1000,10000,0.15000000596046448
1000,10000,0.15000000596046448
1000,10000,0.15000000596046448
1000,10000,0.15000000596046448
1000,10000,0.15000000596046448
1000,10000,0.15000000596046448
1000,10000,0.15000000596046448
1000,10000,0.15000000596046448
1000,10000,0.15000000596046448
1000,10000,0.15000000596046448
1000,10000,0.15000000596046448
1000,10000,0.15000000596046448
1000,10000,0.15000000596046448
1000,10000,0.15000000596046448
1000,10000,0.15000000596046448
1000,10000,0.15000000596046448
1000,10000,0.15000000596046448
1000,10000,0.15000000596046448
1000,10000,0.15000000596046448
1000,10000,0.15000000596046448
1000,10000,0.15000000596046448
1000,10000,0.15000000596046448
1000,10000,0.15000000596046448
1000,10000,0.15000000596046448
1000,10000,0.15000000596046448
1000,10000,0.15000000596046448
1000,10000,0.15000000596046448
1000,10000,0.15000000596046448
1000,10000,0.15000000596046448
1000,10000,0.15000000596046448
1000,10000,0.15000000596046448
1000,10000,0.15000000596046448
1000,10000,0.15000000596046448
1000,10000,0.15000000596046448
1000,10000,0.15000000596046448
1000,10000,0.15000000596046448
1000,10000,0.15000000596046448
1000,10000,0.15000000596046448
1000,10000,0.15000000596046448
1000,10000,0.15000000596046448
1000,10000,0.15000000596046448
1000,10000,0.15000000596046448
1000,10000,0.15000000596046448
1000,10000,0.15000000596046448
1000,10000,0.15000000596046448
1000,10000,0.15000000596046448
1000,10000,0.15000000596046448
1000,10000,0.15000000596046448
1000,10000,0.15000000596046448
1000,10000,0.15000000596046448
1000,10000,0.15000000596046448
1000,10000,0.15000000596046448
1000,10000,0.15000000596046448
1000,10000,0.15000000596046448
1000,10000,0.15000000596046448
1000,10000,0.15000000596046448
1000,10000,0.15000000596046448
1000,10000,0.15000000596046448
1000,10000,0.15000000596046448
1000,10000,0.15000000596046448
1000,10000,0.15000000596046448
1000,10000,0.15000000596046448
1000,10000,0.15000000596046448
1000,10000,0.15000000596046448
1000,10000,0.15000000596046448
1000,10000,0.15000000596046448
1000,10000,0.15000000596046448
1000,10000,0.15000000596046448
1000,10000,0.15000000596046448
1000,10000,0.15000000596046448
1000,10000,0.15000000596046448
1000,10000,0.15000000596046448
1000,10000,0.15000000596046448
1000,10000,0.15000000596046448
1000,10000,0.15000000596046448
1000,10000,0.15000000596046448
1000,10000,0.15000000596046448
1000,10000,0.15000000596046448
1000,10000,0.15000000596046448
1000,10000,0.15000000596046448
1000,10000,0.15000000596046448
10000,10000,0.15000000596046448
10000,10000,0.15000000596046448
10000,10000,0.15000000596046448
10000,10000,0.15000000596046448
10000,10000,0.15000000596046448
10000,10000,0.15000000596046448
10000,10000,0.15000000596046448
10000,10000,0.15000000596046448
10000,10000,0.15000000596046448
10000,10000,0.15000000596046448
10000,10000,0.15000000596046448
10000,10000,0.15000000596046448
10000,10000,0.15000000596046448
10000,10000,0.15000000596046448
10000,10000,0.15000000596046448
10000,10000,0.15000000596046448
10000,10000,0.15000000596046448
10000,10000,0.15000000596046448
10000,10000,0.15000000596046448
10000,10000,0.15000000596046448
10000,10000,0.15000000596046448
10000,10000,0.15000000596046448
10000,10000,0.15000000596046448
10000,10000,0.15000000596046448
10000,10000,0.15000000596046448
10000,10000,0.15000000596046448
10000,10000,0.15000000596046448
10000,10000,0.15000000596046448
10000,10000,0.15000000596046448
10000,10000,0.15000000596046448
10000,10000,0.15000000596046448
10000,10000,0.15000000596046448
10000,10000,0.15000000596046448
10000,10000,0.15000000596046448
10000,10000,0.15000000596046448
10000,10000,0.15000000596046448
10000,10000,0.15000000596046448
10000,10000,0.15000000596046448
10000,10000,0.15000000596046448
10000,10000,0.15000000596046448
10000,10000,0.15000000596046448
10000,10000,0.15000000596046448
10000,10000,0.15000000596046448
10000,10000,0.15000000596046448
10000,10000,0.15000000596046448
10000,10000,0.15000000596046448
10000,10000,0.15000000596046448
10000,10000,0.15000000596046448
10000,10000,0.15000000596046448
10000,10000,0.15000000596046448
10000,10000,0.15000000596046448
10000,10000,0.15000000596046448
10000,10000,0.15000000596046448
10000,10000,0.15000000596046448
10000,10000,0.15000000596046448
10000,10000,0.15000000596046448
10000,10000,0.15000000596046448
10000,10000,0.15000000596046448
10000,10000,0.15000000596046448
10000,10000,0.15000000596046448
10000,10000,0.15000000596046448
10000,10000,0.15000000596046448
10000,10000,0.15000000596046448
10000,10000,0.15000000596046448
10000,10000,0.15000000596046448
10000,10000,0.15000000596046448
10000,10000,0.15000000596046448
10000,10000,0.15000000596046448
10000,10000,0.15000000596046448
10000,10000,0.15000000596046448
10000,10000,0.15000000596046448
10000,10000,0.15000000596046448
10000,10000,0.15000000596046448
10000,10000,0.15000000596046448
10000,10000,0.15000000596046448
10000,10000,0.15000000596046448
10000,10000,0.15000000596046448
10000,10000,0.15000000596046448
10000,10000,0.15000000596046448
10000,10000,0.15000000596046448
10000,10000,0.15000000596046448
10000,10000,0.15000000596046448
10000,10000,0.15000000596046448
10000,10000,0.15000000596046448
10000,10000,0.15000000596046448
10000,10000,0.15000000596046448
10000,10000,0.15000000596046448
10000,10000,0.15000000596046448
10000,10000,0.15000000596046448
10000,10000,0.15000000596046448
10000,10000,0.15000000596046448
10000,10000,0.15000000596046448
10000,10000,0.15000000596046448
10000,10000,0.15000000596046448
10000,10000,0.15000000596046448
10000,10000,0.15000000596046448
10000,10000,0.15000000596046448
10000,10000,0.15000000596046448
10000,10000,0.15000000596046448
10000,10000,0.15000000596046448
100,3757,0.1599999964237213
100,3852,0.1599999964237213
100,4443,0.1599999964237213
100,2692,0.1599999964237213
100,2039,0.1599999964237213
100,313,0.1599999964237213
100,2627,0.1599999964237213
100,916,0.1599999964237213
100,1462,0.1599999964237213
100,308,0.1599999964237213
100,237,0.1599999964237213
100,305,0.1599999964237213
100,3010,0.1599999964237213
100,4617,0.1599999964237213
100,114,0.1599999964237213
100,3328,0.1599999964237213
100,1904,0.1599999964237213
100,5016,0.1599999964237213
100,604,0.1599999964237213
100,6625,0.1599999964237213
100,6253,0.1599999964237213
100,38,0.1599999964237213
100,1166,0.1599999964237213
100,8797,0.1599999964237213
100,603,0.1599999964237213
100,240,0.1599999964237213
100,2752,0.1599999964237213
100,589,0.1599999964237213
100,504,0.1599999964237213
100,640,0.1599999964237213
100,1900,0.1599999964237213
100,1729,0.1599999964237213
100,1795,0.1599999964237213
100,3004,0.1599999964237213
100,2779,0.1599999964237213
100,278,0.1599999964237213
100,635,0.1599999964237213
100,2869,0.1599999964237213
100,5253,0.1599999964237213
100,5426,0.1599999964237213
100,2426,0.1599999964237213
100,3426,0.1599999964237213
100,332,0.1599999964237213
100,3421,0.1599999964237213
100,2181,0.1599999964237213
100,1633,0.1599999964237213
100,1653,0.1599999964237213
100,944,0.1599999964237213
100,1086,0.1599999964237213
100,483,0.1599999964237213
100,1550,0.1599999964237213
100,2261,0.1599999964237213
100,6546,0.1599999964237213
100,4148,0.1599999964237213
100,3484,0.1599999964237213
100,240,0.1599999964237213
100,1583,0.1599999964237213
100,1729,0.1599999964237213
100,3455,0.1599999964237213
100,1766,0.1599999964237213
100,3343,0.1599999964237213
100,1951,0.1599999964237213
100,1812,0.1599999964237213
100,1584,0.1599999964237213
100,202,0.1599999964237213
100,7847,0.1599999964237213
100,170,0.1599999964237213
100,890,0.1599999964237213
100,5124,0.1599999964237213
100,1059,0.1599999964237213
100,460,0.1599999964237213
100,338,0.1599999964237213
100,6163,0.1599999964237213
100,1785,0.1599999964237213
100,1855,0.1599999964237213
100,928,0.1599999964237213
100,5286,0.1599999964237213
100,1105,0.1599999964237213
100,1718,0.1599999964237213
100,318,0.1599999964237213
100,925,0.1599999964237213
100,3207,0.1599999964237213
100,908,0.1599999964237213
100,1095,0.1599999964237213
100,2292,0.1599999964237213
100,425,0.1599999964237213
100,1584,0.1599999964237213
100,1291,0.1599999964237213
100,4512,0.1599999964237213
100,720,0.1599999964237213
100,2155,0.1599999964237213
100,2985,0.1599999964237213
100,1418,0.1599999964237213
100,810,0.1599999964237213
100,2165,0.1599999964237213
100,2166,0.1599999964237213
100,400,0.1599999964237213
100,267,0.1599999964237213
100,52,0.1599999964237213
100,503,0.1599999964237213
1000,10000,0.1599999964237213
1000,10000,0.1599999964237213
1000,10000,0.1599999964237213
1000,10000,0.1599999964237213
1000,10000,0.1599999964237213
1000,10000,0.1599999964237213
1000,10000,0.1599999964237213
1000,10000,0.1599999964237213
1000,10000,0.1599999964237213
1000,10000,0.1599999964237213
1000,10000,0.1599999964237213
1000,10000,0.1599999964237213
1000,10000,0.1599999964237213
1000,10000,0.1599999964237213
1000,10000,0.1599999964237213
1000,10000,0.1599999964237213
1000,10000,0.1599999964237213
1000,10000,0.1599999964237213
1000,10000,0.1599999964237213
1000,10000,0.1599999964237213
1000,10000,0.1599999964237213
1000,10000,0.1599999964237213
1000,10000,0.1599999964237213
1000,10000,0.1599999964237213
1000,10000,0.1599999964237213
1000,10000,0.1599999964237213
1000,10000,0.1599999964237213
1000,10000,0.1599999964237213
1000,10000,0.1599999964237213
1000,10000,0.1599999964237213
1000,10000,0.1599999964237213
1000,10000,0.1599999964237213
1000,10000,0.1599999964237213
1000,10000,0.1599999964237213
1000,10000,0.1599999964237213
1000,10000,0.1599999964237213
1000,10000,0.1599999964237213
1000,10000,0.1599999964237213
1000,10000,0.1599999964237213
1000,10000,0.1599999964237213
1000,10000,0.1599999964237213
1000,10000,0.1599999964237213
1000,10000,0.1599999964237213
1000,10000,0.1599999964237213
1000,10000,0.1599999964237213
1000,10000,0.1599999964237213
1000,10000,0.1599999964237213
1000,10000,0.1599999964237213
1000,10000,0.1599999964237213
1000,10000,0.1599999964237213
1000,10000,0.1599999964237213
1000,10000,0.1599999964237213
1000,10000,0.1599999964237213
1000,10000,0.1599999964237213
1000,10000,0.1599999964237213
1000,10000,0.1599999964237213
1000,10000,0.1599999964237213
1000,10000,0.1599999964237213
1000,10000,0.1599999964237213
1000,10000,0.1599999964237213
1000,10000,0.1599999964237213
1000,10000,0.1599999964237213
1000,10000,0.1599999964237213
1000,10000,0.1599999964237213
1000,10000,0.1599999964237213
1000,10000,0.1599999964237213
1000,10000,0.1599999964237213
1000,10000,0.1599999964237213
1000,10000,0.1599999964237213
1000,10000,0.1599999964237213
1000,10000,0.1599999964237213
1000,10000,0.1599999964237213
1000,10000,0.1599999964237213
1000,10000,0.1599999964237213
1000,10000,0.1599999964237213
1000,10000,0.1599999964237213
1000,10000,0.1599999964237213
1000,10000,0.1599999964237213
1000,10000,0.1599999964237213
1000,10000,0.1599999964237213
1000,10000,0.1599999964237213
1000,10000,0.1599999964237213
1000,10000,0.1599999964237213
1000,10000,0.1599999964237213
1000,10000,0.1599999964237213
1000,10000,0.1599999964237213
1000,10000,0.1599999964237213
1000,10000,0.1599999964237213
1000,10000,0.1599999964237213
1000,10000,0.1599999964237213
1000,10000,0.1599999964237213
1000,10000,0.1599999964237213
1000,10000,0.1599999964237213
1000,10000,0.1599999964237213
1000,10000,0.1599999964237213
1000,10000,0.1599999964237213
1000,10000,0.1599999964237213
1000,10000,0.1599999964237213
1000,10000,0.1599999964237213
1000,10000,0.1599999964237213
10000,10000,0.1599999964237213
10000,10000,0.1599999964237213
10000,10000,0.1599999964237213
10000,10000,0.1599999964237213
10000,10000,0.1599999964237213
10000,10000,0.1599999964237213
10000,10000,0.1599999964237213
10000,10000,0.1599999964237213
10000,10000,0.1599999964237213
10000,10000,0.1599999964237213
10000,10000,0.1599999964237213
10000,10000,0.1599999964237213
10000,10000,0.1599999964237213
10000,10000,0.1599999964237213
10000,10000,0.1599999964237213
10000,10000,0.1599999964237213
10000,10000,0.1599999964237213
10000,10000,0.1599999964237213
10000,10000,0.1599999964237213
10000,10000,0.1599999964237213
10000,10000,0.1599999964237213
10000,10000,0.1599999964237213
10000,10000,0.1599999964237213
10000,10000,0.1599999964237213
10000,10000,0.1599999964237213
10000,10000,0.1599999964237213
10000,10000,0.1599999964237213
10000,10000,0.1599999964237213
10000,10000,0.1599999964237213
10000,10000,0.1599999964237213
10000,10000,0.1599999964237213
10000,10000,0.1599999964237213
10000,10000,0.1599999964237213
10000,10000,0.1599999964237213
10000,10000,0.1599999964237213
10000,10000,0.1599999964237213
10000,10000,0.1599999964237213
10000,10000,0.1599999964237213
10000,10000,0.1599999964237213
10000,10000,0.1599999964237213
10000,10000,0.1599999964237213
10000,10000,0.1599999964237213
10000,10000,0.1599999964237213
10000,10000,0.1599999964237213
10000,10000,0.1599999964237213
10000,10000,0.1599999964237213
10000,10000,0.1599999964237213
10000,10000,0.1599999964237213
10000,10000,0.1599999964237213
10000,10000,0.1599999964237213
10000,10000,0.1599999964237213
10000,10000,0.1599999964237213
10000,10000,0.1599999964237213
10000,10000,0.1599999964237213
10000,10000,0.1599999964237213
10000,10000,0.1599999964237213
10000,10000,0.1599999964237213
10000,10000,0.1599999964237213
10000,10000,0.1599999964237213
10000,10000,0.1599999964237213
10000,10000,0.1599999964237213
10000,10000,0.1599999964237213
10000,10000,0.1599999964237213
10000,10000,0.1599999964237213
10000,10000,0.1599999964237213
10000,10000,0.1599999964237213
10000,10000,0.1599999964237213
10000,10000,0.1599999964237213
10000,10000,0.1599999964237213
10000,10000,0.1599999964237213
10000,10000,0.1599999964237213
10000,10000,0.1599999964237213
10000,10000,0.1599999964237213
10000,10000,0.1599999964237213
10000,10000,0.1599999964237213
10000,10000,0.1599999964237213
10000,10000,0.1599999964237213
10000,10000,0.1599999964237213
10000,10000,0.1599999964237213
10000,10000,0.1599999964237213
10000,10000,0.1599999964237213
10000,10000,0.1599999964237213
10000,10000,0.1599999964237213
10000,10000,0.1599999964237213
10000,10000,0.1599999964237213
10000,10000,0.1599999964237213
10000,10000,0.1599999964237213
10000,10000,0.1599999964237213
10000,10000,0.1599999964237213
10000,10000,0.1599999964237213
10000,10000,0.1599999964237213
10000,10000,0.1599999964237213
10000,10000,0.1599999964237213
10000,10000,0.1599999964237213
10000,10000,0.1599999964237213
10000,10000,0.1599999964237213
10000,10000,0.1599999964237213
10000,10000,0.1599999964237213
10000,10000,0.1599999964237213
10000,10000,0.1599999964237213
100,142,0.17000000178813934
100,33,0.17000000178813934
100,64,0.17000000178813934
100,40,0.17000000178813934
100,202,0.17000000178813934
100,72,0.17000000178813934
100,74,0.17000000178813934
100,126,0.17000000178813934
100,47,0.17000000178813934
100,14,0.17000000178813934
100,170,0.17000000178813934
100,35,0.17000000178813934
100,72,0.17000000178813934
100,62,0.17000000178813934
100,102,0.17000000178813934
100,27,0.17000000178813934
100,48,0.17000000178813934
100,240,0.17000000178813934
100,34,0.17000000178813934
100,30,0.17000000178813934
100,36,0.17000000178813934
100,50,0.17000000178813934
100,127,0.17000000178813934
100,189,0.17000000178813934
100,45,0.17000000178813934
100,75,0.17000000178813934
100,105,0.17000000178813934
100,113,0.17000000178813934
100,45,0.17000000178813934
100,19,0.17000000178813934
100,17,0.17000000178813934
100,63,0.17000000178813934
100,61,0.17000000178813934
100,28,0.17000000178813934
100,45,0.17000000178813934
100,14,0.17000000178813934
100,115,0.17000000178813934
100,20,0.17000000178813934
100,41,0.17000000178813934
100,159,0.17000000178813934
100,103,0.17000000178813934
100,50,0.17000000178813934
100,192,0.17000000178813934
100,23,0.17000000178813934
100,74,0.17000000178813934
100,120,0.17000000178813934
100,177,0.17000000178813934
100,18,0.17000000178813934
100,49,0.17000000178813934
100,43,0.17000000178813934
100,100,0.17000000178813934
100,68,0.17000000178813934
100,20,0.17000000178813934
100,68,0.17000000178813934
100,68,0.17000000178813934
100,34,0.17000000178813934
100,92,0.17000000178813934
100,59,0.17000000178813934
100,92,0.17000000178813934
100,238,0.17000000178813934
100,37,0.17000000178813934
100,96,0.17000000178813934
100,103,0.17000000178813934
100,19,0.17000000178813934
100,42,0.17000000178813934
100,99,0.17000000178813934
100,32,0.17000000178813934
100,42,0.17000000178813934
100,153,0.17000000178813934
100,18,0.17000000178813934
100,28,0.17000000178813934
100,53,0.17000000178813934
100,97,0.17000000178813934
100,158,0.17000000178813934
100,156,0.17000000178813934
100,60,0.17000000178813934
100,48,0.17000000178813934
100,20,0.17000000178813934
100,27,0.17000000178813934
100,95,0.17000000178813934
100,226,0.17000000178813934
100,68,0.17000000178813934
100,102,0.17000000178813934
100,61,0.17000000178813934
100,44,0.17000000178813934
100,24,0.17000000178813934
100,67,0.17000000178813934
100,166,0.17000000178813934
100,30,0.17000000178813934
100,85,0.17000000178813934
100,217,0.17000000178813934
100,96,0.17000000178813934
100,121,0.17000000178813934
100,23,0.17000000178813934
100,20,0.17000000178813934
100,61,0.17000000178813934
100,56,0.17000000178813934
100,31,0.17000000178813934
100,73,0.17000000178813934
100,332,0.17000000178813934
1000,430,0.17000000178813934
1000,128,0.17000000178813934
1000,59,0.17000000178813934
1000,382,0.17000000178813934
1000,203,0.17000000178813934
1000,450,0.17000000178813934
1000,188,0.17000000178813934
1000,81,0.17000000178813934
1000,308,0.17000000178813934
1000,36,0.17000000178813934
1000,172,0.17000000178813934
1000,205,0.17000000178813934
1000,667,0.17000000178813934
1000,234,0.17000000178813934
1000,89,0.17000000178813934
1000,281,0.17000000178813934
1000,200,0.17000000178813934
1000,63,0.17000000178813934
1000,306,0.17000000178813934
1000,250,0.17000000178813934
1000,627,0.17000000178813934
1000,231,0.17000000178813934
1000,58,0.17000000178813934
1000,389,0.17000000178813934
1000,342,0.17000000178813934
1000,38,0.17000000178813934
1000,121,0.17000000178813934
1000,82,0.17000000178813934
1000,324,0.17000000178813934
1000,82,0.17000000178813934
1000,128,0.17000000178813934
1000,46,0.17000000178813934
1000,85,0.17000000178813934
1000,54,0.17000000178813934
1000,69,0.17000000178813934
1000,31,0.17000000178813934
1000,298,0.17000000178813934
1000,546,0.17000000178813934
1000,176,0.17000000178813934
1000,267,0.17000000178813934
1000,383,0.17000000178813934
1000,78,0.17000000178813934
1000,107,0.17000000178813934
1000,198,0.17000000178813934
1000,145,0.17000000178813934
1000,167,0.17000000178813934
1000,842,0.17000000178813934
1000,120,0.17000000178813934
1000,565,0.17000000178813934
1000,663,0.17000000178813934
1000,47,0.17000000178813934
1000,168,0.17000000178813934
1000,195,0.17000000178813934
1000,350,0.17000000178813934
1000,127,0.17000000178813934
1000,149,0.17000000178813934
1000,57,0.17000000178813934
1000,261,0.17000000178813934
1000,94,0.17000000178813934
1000,309,0.17000000178813934
1000,236,0.17000000178813934
1000,87,0.17000000178813934
1000,401,0.17000000178813934
1000,454,0.17000000178813934
1000,268,0.17000000178813934
1000,149,0.17000000178813934
1000,274,0.17000000178813934
1000,176,0.17000000178813934
1000,140,0.17000000178813934
1000,184,0.17000000178813934
1000,77,0.17000000178813934
1000,208,0.17000000178813934
1000,354,0.17000000178813934
1000,115,0.17000000178813934
1000,422,0.17000000178813934
1000,495,0.17000000178813934
1000,90,0.17000000178813934
1000,98,0.17000000178813934
1000,134,0.17000000178813934
1000,93,0.17000000178813934
1000,198,0.17000000178813934
1000,146,0.17000000178813934
1000,250,0.17000000178813934
1000,414,0.17000000178813934
1000,145,0.17000000178813934
1000,131,0.17000000178813934
1000,126,0.17000000178813934
1000,1024,0.17000000178813934
1000,388,0.17000000178813934
1000,99,0.17000000178813934
1000,175,0.17000000178813934
1000,159,0.17000000178813934
1000,108,0.17000000178813934
1000,97,0.17000000178813934
1000,468,0.17000000178813934
1000,125,0.17000000178813934
1000,115,0.17000000178813934
1000,142,0.17000000178813934
1000,241,0.17000000178813934
1000,205,0.17000000178813934
10000,2443,0.17000000178813934
10000,6380,0.17000000178813934
10000,10000,0.17000000178813934
10000,10000,0.17000000178813934
10000,4015,0.17000000178813934
10000,10000,0.17000000178813934
10000,10000,0.17000000178813934
10000,10000,0.17000000178813934
10000,10000,0.17000000178813934
10000,10000,0.17000000178813934
10000,10000,0.17000000178813934
10000,10000,0.17000000178813934
10000,10000,0.17000000178813934
10000,10000,0.17000000178813934
10000,9991,0.17000000178813934
10000,10000,0.17000000178813934
10000,10000,0.17000000178813934
10000,10000,0.17000000178813934
10000,10000,0.17000000178813934
10000,10000,0.17000000178813934
10000,10000,0.17000000178813934
10000,10000,0.17000000178813934
10000,10000,0.17000000178813934
10000,10000,0.17000000178813934
10000,10000,0.17000000178813934
10000,10000,0.17000000178813934
10000,10000,0.17000000178813934
10000,10000,0.17000000178813934
10000,10000,0.17000000178813934
10000,10000,0.17000000178813934
10000,10000,0.17000000178813934
10000,1852,0.17000000178813934
10000,10000,0.17000000178813934
10000,10000,0.17000000178813934
10000,9766,0.17000000178813934
10000,10000,0.17000000178813934
10000,2638,0.17000000178813934
10000,10000,0.17000000178813934
10000,9599,0.17000000178813934
10000,10000,0.17000000178813934
10000,10000,0.17000000178813934
10000,3554,0.17000000178813934
10000,10000,0.17000000178813934
10000,6393,0.17000000178813934
10000,1878,0.17000000178813934
10000,10000,0.17000000178813934
10000,10000,0.17000000178813934
10000,10000,0.17000000178813934
10000,10000,0.17000000178813934
10000,10000,0.17000000178813934
10000,10000,0.17000000178813934
10000,10000,0.17000000178813934
10000,10000,0.17000000178813934
10000,10000,0.17000000178813934
10000,10000,0.17000000178813934
10000,10000,0.17000000178813934
10000,10000,0.17000000178813934
10000,10000,0.17000000178813934
10000,10000,0.17000000178813934
10000,10000,0.17000000178813934
10000,10000,0.17000000178813934
10000,10000,0.17000000178813934
10000,10000,0.17000000178813934
10000,10000,0.17000000178813934
10000,10000,0.17000000178813934
10000,10000,0.17000000178813934
10000,3356,0.17000000178813934
10000,10000,0.17000000178813934
10000,1865,0.17000000178813934
10000,10000,0.17000000178813934
10000,10000,0.17000000178813934
10000,10000,0.17000000178813934
10000,10000,0.17000000178813934
10000,10000,0.17000000178813934
10000,10000,0.17000000178813934
10000,7433,0.17000000178813934
10000,486,0.17000000178813934
10000,10000,0.17000000178813934
10000,10000,0.17000000178813934
10000,10000,0.17000000178813934
10000,2397,0.17000000178813934
10000,10000,0.17000000178813934
10000,10000,0.17000000178813934
10000,4608,0.17000000178813934
10000,10000,0.17000000178813934
10000,7795,0.17000000178813934
10000,10000,0.17000000178813934
10000,10000,0.17000000178813934
10000,10000,0.17000000178813934
10000,10000,0.17000000178813934
10000,10000,0.17000000178813934
10000,10000,0.17000000178813934
10000,10000,0.17000000178813934
10000,10000,0.17000000178813934
10000,10000,0.17000000178813934
10000,10000,0.17000000178813934
10000,10000,0.17000000178813934
10000,10000,0.17000000178813934
10000,10000,0.17000000178813934
10000,10000,0.17000000178813934
